fileName,dissection,fishID,Position,diameter,base,height,length,fishLength,PoLA,orientation,MaxBend,cycle1MaxIndex,cycle1MaxLoad,cycle1Work,cycle2MaxIndex,cycle2MaxLoad,cycle2Work,cycle3MaxIndex,cycle3MaxLoad,cycle3Work,cycle4MaxIndex,cycle4MaxLoad,cycle4Work,cycle5MaxIndex,cycle5MaxLoad,cycle5Work
./SturgeonColumnBendingDorsoventral_combined_Specimen 1.csv,column,2401-01,Position 1,,0.965,1.621,4,37.7,,Dorso,5,455,3.964778185,8.722499957,455,3.336975813,8.722499957,452,3.134717703,8.648808785,450,2.978636265,8.599582712,446,2.851400852,8.501583341
./SturgeonColumnBendingDorsoventral_combined_Specimen 2.csv,column,2401-01,Position 2,,0.965,1.621,4,37.7,,Dorso,5,454,2.751635313,5.132076498,453,2.379148245,5.112999858,455,2.215855837,5.151070044,450,2.093856335,5.055513494,445,2.026621103,4.959841006
./SturgeonColumnBendingDorsoventral_combined_Specimen 3.csv,column,2401-01,Position 3,,0.731,1.465,4,37.7,,Dorso,5,454,1.963232279,3.519490546,452,1.758276463,3.49161504,452,1.656042814,3.49161504,447,1.56054318,3.421670935,447,1.506820202,3.421670935
./SturgeonColumnBendingDorsoventral_combined_Specimen 4.csv,column,2401-01,Position 4,,0.798,1.074,4,37.7,,Dorso,5,455,2.742418766,5.067553517,456,2.240152121,5.086544899,453,2.058349609,5.029419436,451,1.918661356,4.991083595,446,1.833411336,4.895799234
./SturgeonColumnBendingDorsoventral_combined_Specimen 5.csv,column,2401-02,Position 1,,0.935,1.592,4,37.5,,Dorso,5,452,3.094716072,6.533942829,454,2.683197737,6.573354144,450,2.459095955,6.494251369,447,2.356518507,6.434367268,445,2.269179821,6.394555975
./SturgeonColumnBendingDorsoventral_combined_Specimen 6.csv,column,2401-03,Position 1,,0.962,2.055,4,38.6,,Dorso,5,454,2.822863817,6.23638212,453,2.45414257,6.218963032,447,2.280261755,6.113496106,446,2.164981842,6.096017512,446,2.087829351,6.096017512
./SturgeonColumnBendingDorsoventral_combined_Specimen 7.csv,column,2401-03,Position 2,,0.962,2.055,4,38.6,5,Dorso,5,398,2.782118797,5.24478377,441,2.138247967,5.945446662,444,1.873733759,5.986446029,445,1.74991858,6.000198112,444,1.685103774,5.986446029
./SturgeonColumnBendingDorsoventral_combined_Specimen 8.csv,column,2401-03,Position 3,,0.944,1.873,4,38.6,5,Dorso,5,452,3.058066845,6.144779431,454,2.477202654,6.185047747,450,2.204581976,6.104065947,445,2.048748732,6.001813787,447,1.891553998,6.042705394
./SturgeonColumnBendingDorsoventral_combined_Specimen 9.csv,column,2401-04,Position 1,,1.063,1.989,4,39.7,5,Dorso,5,271,1.435201049,3.343198734,264,1.333815694,3.243965921,267,1.321965575,3.286419544,270,1.315395236,3.328975997,265,1.285156012,3.258090748
./SturgeonColumnBendingDorsoventral_combined_Specimen 10.csv,column,2401-04,Position 2,,1.063,1.989,4,39.7,5,Dorso,5,271,1.146133542,2.221101572,276,0.946314752,2.283550916,273,0.8791399,2.246686948,269,0.8478508,2.195139777,264,0.823384404,2.129638361
./SturgeonColumnBendingDorsoventral_combined_Specimen 11.csv,column,2401-04,Position 3,,0.91,1.944,4,39.7,5,Dorso,5,273,1.118709087,2.601209275,275,0.954169512,2.622752721,269,0.872805119,2.557149672,270,0.820942342,2.568170369,267,0.784579039,2.535013803
./SturgeonColumnBendingDorsoventral_combined_Specimen 12.csv,column,2401-05,Position 1,,1.005,2.194,4,43.2,5,Dorso,5,268,1.272261143,2.834474282,271,1.106641769,2.873573641,270,1.026363969,2.860646689,267,0.971087098,2.821258338,265,0.921585202,2.794938652
./SturgeonColumnBendingDorsoventral_combined_Specimen 13.csv,column,2401-05,Position 2,,1.005,2.194,4,43.2,5,Dorso,5,275,1.558714509,3.26031053,273,1.378756762,3.227062473,272,1.32087028,3.21032024,270,1.267703176,3.176334862,267,1.271174908,3.12501377
./SturgeonColumnBendingDorsoventral_combined_Specimen 14.csv,column,2401-05,Position 3,,1.156,2.104,4,43.2,5,Dorso,5,272,0.822406411,1.701995055,272,0.721261442,1.701995055,270,0.672143281,1.684242961,269,0.656580865,1.675315443,263,0.630649388,1.620859729
./SturgeonColumnBendingDorsoventral_combined_Specimen 15.csv,column,2401-06,Position 1,,0.879,1.772,4,36.9,3,Dorso,5,272,1.363795161,3.05007198,271,1.209448457,3.036123562,268,1.136374116,2.993750629,268,1.085800052,2.993750629,263,1.025818229,2.924814978
./SturgeonColumnBendingDorsoventral_combined_Specimen 16.csv,column,2401-06,Position 2,,0.879,1.772,4,36.9,3,Dorso,5,271,1.345637321,2.396391051,273,1.14766252,2.428082573,269,1.045815825,2.364301961,268,0.985803604,2.348292788,266,0.940506995,2.316347639
./SturgeonColumnBendingDorsoventral_combined_Specimen 17.csv,column,2401-06,Position 3,,0.955,1.91,4,36.9,3,Dorso,5,272,0.833647132,1.75137984,267,0.73025769,1.706513694,271,0.67880249,1.742430942,269,0.639765859,1.724472627,265,0.607078195,1.688292463
./SturgeonColumnBendingDorsoventral_combined_Specimen 18.csv,column,2401-07,Position 1,,0.802,1.613,4,40.4,3,Dorso,5,277,1.388161421,3.178144748,275,1.193827629,3.15090252,277,1.103271365,3.178144748,271,1.055917382,3.095926791,270,0.994915485,3.082163288
./SturgeonColumnBendingDorsoventral_combined_Specimen 19.csv,column,2401-07,Position 2,,0.802,1.613,4,40.4,3,Dorso,5,272,0.959962666,1.556036774,272,0.863209367,1.556036774,269,0.798146784,1.5197777,268,0.777184963,1.507582214,267,0.747863114,1.495330472
./SturgeonColumnBendingDorsoventral_combined_Specimen 20.csv,column,2401-08,Position 1,,0.789,2.228,4,40.2,3,Dorso,5,271,1.160112381,2.572634984,276,0.949635088,2.630881418,271,0.819715381,2.572634984,271,0.752668321,2.572634984,265,0.712246954,2.500648756
./SturgeonColumnBendingDorsoventral_combined_Specimen 21.csv,column,2401-08,Position 2,,0.789,2.228,4,40.2,3,Dorso,5,273,1.256711364,2.975589582,270,1.075002909,2.938754044,271,0.955610275,2.951106961,266,0.863252282,2.888431,261,0.812560797,2.824571432
./SturgeonColumnBendingDorsoventral_combined_Specimen 22.csv,column,2401-08,Position 3,,0.934,1.907,4,40.2,3,Dorso,5,277,1.146297216,2.396295897,279,0.930809736,2.420157849,273,0.836129963,2.34800242,269,0.801229417,2.299183493,267,0.744411588,2.274768515
./SturgeonColumnBendingDorsoventral_combined_Specimen 23.csv,column,2401-09,Position 1,,0.907,2.099,4,39.9,3,Dorso,5,220,0.935394406,1.81442025,272,0.772602439,2.310564999,274,0.718581021,2.32575415,272,0.683832288,2.310564999,266,0.647400737,2.26249552
./SturgeonColumnBendingDorsoventral_combined_Specimen 24.csv,column,2401-09,Position 2,,0.907,2.099,4,39.9,3,Dorso,5,273,0.938307345,1.521846333,272,0.79311794,1.510183138,272,0.784066796,1.510183138,267,0.745115161,1.450706092,263,0.723115563,1.402953489
./SturgeonColumnBendingDorsoventral_combined_Specimen 25.csv,column,2401-09,Position 3,,0.803,1.821,4,39.9,3,Dorso,5,275,0.972603381,2.157125372,272,0.857254565,2.127427611,269,0.811221302,2.097817865,270,0.765910625,2.107715902,263,0.771607995,2.037453742
./SturgeonColumnBendingDorsoventral_combined_Specimen 26.csv,column,2401-09,Position 4,,0.803,1.821,4,39.9,3,Dorso,5,276,0.488253176,0.430227712,277,0.420330077,0.437513201,273,0.381862551,0.408394841,267,0.357877344,0.364650862,264,0.340708315,0.342591193
./SturgeonColumnBendingDorsoventral_combined_Specimen 27.csv,column,2401-10,Position 1,,0.911,2.275,4,41.5,3,Dorso,5,275,1.735214591,3.698188362,271,1.511752248,3.624981816,272,1.409213066,3.643463536,267,1.333628535,3.550731677,264,1.274121046,3.494412119
./SturgeonColumnBendingDorsoventral_combined_Specimen 28.csv,column,2401-10,Position 2,,0.911,2.275,4,41.5,3,Dorso,5,270,1.425989985,3.079876598,265,1.195912838,3.003559873,265,1.095197201,3.003559873,267,1.035389185,3.034349364,265,0.980851769,3.003559873
./SturgeonNotochordBending_combined_Specimen 1.csv,notochord,2401-01,Position 1,7,,,2,37.5,3,Lateral,10,275,0.877174735,1.818631639,275,0.733272552,1.818631639,270,0.652563512,1.771666724,271,0.61726737,1.781088322,266,0.594591081,1.734370303
./SturgeonNotochordBending_combined_Specimen 2.csv,notochord,2401-01,Position 1,7,,,2,37.5,3,Dorso,5,267,0.539950669,0.791168386,271,0.484423429,0.819341296,268,0.460333616,0.798309304,266,0.457730323,0.784002958,266,0.450085223,0.784002958
./SturgeonNotochordBending_combined_Specimen 3.csv,notochord,2401-02,Position 1,6,,,2,37.5,3,Dorso,5,276,0.161324784,0.278646779,266,0.15275842,0.260222871,271,0.124908656,0.26924193,270,0.121137343,0.267348096,265,0.118104801,0.258501687
./SturgeonNotochordBending_combined_Specimen 4.csv,notochord,2401-04,Position 1,6,,,2,39.7,3,Dorso,5,274,0.262920082,0.675405474,269,0.24537833,0.664013222,272,0.256774217,0.670747262,267,0.269308776,0.6597606,263,0.266934097,0.651067846
./SturgeonNotochordBending_combined_Specimen 5.csv,notochord,2401-04,Position 1,6,,,2,39.7,3,Lateral,10,274,0.087187015,-0.064935097,271,0.071619391,-0.070113368,274,0.050292138,-0.064935097,271,0.057936594,-0.070113368,268,0.042978201,-0.074756791
./SturgeonNotochordBending_combined_Specimen 6.csv,notochord,2401-04,Position 2,6,,,2,39.7,3,Dorso,5,268,0.111107282,0.160367457,268,0.119976386,0.160367457,271,0.1085703,0.164493861,265,0.107425384,0.155952159,269,0.100612126,0.161786082
./SturgeonNotochordBending_combined_Specimen 7.csv,notochord,2401-04,Position 2,6,,,2,39.7,3,Lateral,10,276,0.081639484,-0.089954353,281,0.074294642,-0.082874904,273,0.061473913,-0.095263882,267,0.058610607,-0.104979738,262,0.049924642,-0.112851238
./SturgeonNotochordBending_combined_Specimen 8.csv,notochord,2401-04,Position 4,5,,,2,39.7,3,Lateral,10,274,0.094862789,0.036439499,266,0.080723457,0.024038991,272,0.089393847,0.033274112,271,0.092504449,0.031773245,264,0.078964561,0.020843067
./SturgeonNotochordBending_combined_Specimen 9.csv,notochord,2401-05,Position 1,6,,,2,43.2,3,Dorso,5,280,0.064085796,-0.114040296,280,0.064508915,-0.114040296,261,0.062421788,-0.142336936,266,0.053026427,-0.13486928,274,0.049784534,-0.12269996
./SturgeonNotochordBending_combined_Specimen 10.csv,notochord,2401-05,Position 1,6,,,2,43.2,3,Lateral,10,272,0.077954993,0.020648288,271,0.087563448,0.019293718,261,0.076424085,0.005955583,269,0.06338805,0.016667189,255,0.056399785,-0.002045043
./SturgeonNotochordBending_combined_Specimen 11.csv,notochord,2401-05,Position 2,6,,,2,43.2,3,Dorso,5,271,0.092323922,0.031547612,274,0.081209213,0.035865104,276,0.077569976,0.038767575,273,0.082488239,0.034514017,271,0.081408545,0.031547612
./SturgeonNotochordBending_combined_Specimen 12.csv,notochord,2401-05,Position 2,6,,,2,43.2,3,Lateral,10,277,0.078370906,0.000119051,271,0.076168768,-0.007363273,273,0.0702402,-0.005001163,267,0.069823839,-0.011970213,268,0.078567326,-0.010834789
./SturgeonNotochordBending_combined_Specimen 13.csv,notochord,2401-05,Position 3,6,,,2,43.2,3,Dorso,5,262,0.04291014,-0.021454696,276,0.050067317,-0.012294862,278,0.041045848,-0.011024806,250,0.050736383,-0.030273551,242,0.030632256,-0.035281047
./SturgeonNotochordBending_combined_Specimen 14.csv,notochord,2401-05,Position 3,6,,,2,43.2,3,Lateral,10,262,0.010436466,-0.216127618,250,0.019815641,-0.226074096,264,0.0046886,-0.214241313,270,0.010046791,-0.208903993,266,0.00407498,-0.212532303
./SturgeonNotochordBending_combined_Specimen 15.csv,notochord,2401-05,Position 4,5.5,,,2,43.2,3,Dorso,5,276,-0.001430572,-0.219086934,274,0.013036102,-0.220315989,269,-0.010456716,-0.223870584,251,-0.020192185,-0.235594034,257,-0.012448543,-0.231419855
./SturgeonNotochordBending_combined_Specimen 16.csv,notochord,2401-06,Position 1,6,,,2,36.9,3,Dorso,5,266,0.019080779,-0.197336539,255,0.00188202,-0.207496855,269,-0.007727767,-0.194148236,268,-0.007852449,-0.195174618,244,-0.035082985,-0.217696663
./SturgeonNotochordBending_combined_Specimen 17.csv,notochord,2401-06,Position 1,6,,,2,36.9,3,Lateral,10,270,0.06875892,-0.04905083,255,0.059913214,-0.068607371,257,0.069718458,-0.066464055,273,0.068974607,-0.044816113,266,0.073139846,-0.054720309
./SturgeonNotochordBending_combined_Specimen 18.csv,notochord,2401-06,Position 2,5,,,2,36.9,3,Dorso,5,293,-0.029039381,-0.262939886,272,-0.030256072,-0.267172544,273,-0.02018743,-0.266919262,263,-0.029717151,-0.269468775,267,-0.028632421,-0.26878715
./SturgeonNotochordBending_combined_Specimen 19.csv,notochord,2401-06,Position 2,5,,,2,36.9,3,Lateral,10,268,0.080901355,-0.047145709,273,0.08113496,-0.039419449,269,0.064918689,-0.045471194,272,0.052562121,-0.040880187,270,0.034298349,-0.043914432
./SturgeonNotochordBending_combined_Specimen 20.csv,notochord,2401-06,Position 3,5,,,2,36.9,3,Dorso,5,268,0.041216385,-0.072314832,273,0.03743219,-0.067747584,274,0.033168036,-0.066939664,262,0.028044719,-0.077576615,248,0.033003535,-0.088469667
./SturgeonNotochordBending_combined_Specimen 21.csv,notochord,2401-06,Position 3,5,,,2,36.9,3,Lateral,10,250,0.049241632,-0.092105837,281,0.032196816,-0.063521512,272,0.021208489,-0.071147244,262,0.025558626,-0.080199701,260,0.033209015,-0.082202033
./SturgeonNotochordBending_combined_Specimen 22.csv,notochord,2401-06,Position 4,5,,,2,36.9,3,Dorso,5,275,0.009678947,-0.162171018,276,0.018497668,-0.161482563,250,0.010845356,-0.176719328,263,-0.001033983,-0.169253814,270,0.009667321,-0.165075456
./SturgeonNotochordBending_combined_Specimen 23.csv,notochord,2401-06,Position 4,5,,,2,36.9,3,Lateral,10,282,-0.007604108,-0.221633275,267,-0.007001144,-0.227343823,276,-0.002931163,-0.224476931,273,-0.013392884,-0.225782157,254,-0.010798234,-0.23363143
./SturgeonNotochordBending_combined_Specimen 24.csv,notochord,2401-07,Position 2,5,,,2,40.4,3,Lateral,10,280,0.135565639,0.300450911,271,0.136805639,0.289814324,273,0.120967358,0.292301337,272,0.142426178,0.291094185,259,0.130222142,0.274869494
./SturgeonNotochordBending_combined_Specimen 25.csv,notochord,2401-07,Position 2,5,,,2,40.4,3,Dorso,5,278,0.029657539,-0.13345651,276,0.044848926,-0.13546625,268,0.033433449,-0.143211544,274,0.027324999,-0.137374888,261,0.036007531,-0.149465185
./SturgeonNotochordBending_combined_Specimen 26.csv,notochord,2401-07,Position 3,5,,,2,40.4,3,Lateral,10,269,0.049115684,-0.096662464,279,0.05465987,-0.085723921,275,0.044492662,-0.089879238,270,0.047709726,-0.095390397,266,0.036879968,-0.10020966
./SturgeonNotochordBending_combined_Specimen 27.csv,notochord,2401-07,Position 3,5,,,2,40.4,3,Dorso,5,271,0.070433632,0.062265202,259,0.071864933,0.050033666,272,0.060728446,0.063332624,263,0.059598453,0.054267284,234,0.039898675,0.024536265
./SturgeonNotochordBending_combined_Specimen 28.csv,notochord,2401-07,Position 4,4,,,2,40.4,3,Lateral,10,265,0.046341851,-0.099618244,275,0.035440147,-0.088741842,275,0.047685429,-0.088741842,269,0.047197167,-0.095009441,252,0.033866502,-0.114277855
./SturgeonNotochordBending_combined_Specimen 29.csv,notochord,2401-07,Position 4,4,,,2,40.4,3,Dorso,5,281,-0.026479293,-0.392586113,277,-0.025312599,-0.394826585,274,-0.02795664,-0.396608645,268,-0.058038831,-0.400313388,276,-0.046928696,-0.395454685
./SturgeonNotochordBending_combined_Specimen 30.csv,notochord,2401-08,Position 1,4,,,2,40.2,3,Lateral,10,269,0.03956034,-0.127024115,271,0.026332866,-0.124784026,268,0.036947917,-0.128199472,263,0.04686838,-0.13318051,281,0.025801495,-0.117220018
./SturgeonNotochordBending_combined_Specimen 31.csv,notochord,2401-08,Position 1,4,,,2,40.2,3,Dorso,5,278,0.030055832,-0.167400798,272,0.022429802,-0.173543551,276,0.023326611,-0.169372132,270,0.027690841,-0.175658894,266,0.02767588,-0.17990921
./SturgeonNotochordBending_combined_Specimen 32.csv,notochord,2401-08,Position 2,5.5,,,2,40.2,3,Lateral,10,262,0.033570666,-0.227078302,276,0.028993938,-0.210082199,276,0.033235077,-0.210082199,271,0.043266021,-0.215643588,263,0.029472793,-0.225611243
./SturgeonNotochordBending_combined_Specimen 33.csv,notochord,2401-08,Position 2,5.5,,,2,40.2,3,Dorso,5,275,0.030400543,-0.230091556,276,0.02774737,-0.228770834,265,0.025714317,-0.241507943,269,0.033600349,-0.237039509,252,0.027900314,-0.256611238
./SturgeonNotochordBending_combined_Specimen 34.csv,notochord,2401-08,Position 3,5,,,2,40.2,3,Lateral,10,272,0.044467345,-0.115990449,267,0.03895336,-0.121637882,278,0.034007553,-0.109874479,268,0.029146697,-0.120563253,267,0.050362773,-0.121637882
./SturgeonNotochordBending_combined_Specimen 35.csv,notochord,2401-08,Position 3,5,,,2,40.2,3,Dorso,5,270,0.081373051,-0.055283666,273,0.067928083,-0.050574461,268,0.054433558,-0.05848007,269,0.044136424,-0.056937715,267,0.041833904,-0.059968743
./SturgeonNotochordBending_combined_Specimen 36.csv,notochord,2401-08,Position 4,5,,,2,40.2,3,Lateral,10,273,0.015013927,-0.153268186,268,0.004437115,-0.156779771,265,0.008671397,-0.158633833,267,0.006621655,-0.157473195,262,0.004956554,-0.160232827
./SturgeonNotochordBending_combined_Specimen 37.csv,notochord,2401-08,Position 4,5,,,2,40.2,3,Dorso,5,276,0.052488033,-0.219235209,276,0.062811852,-0.219235209,271,0.062527329,-0.227768621,268,0.049234729,-0.233116191,264,0.043863643,-0.239526516
./SturgeonNotochordBending_combined_Specimen 38.csv,notochord,2401-09,Position 1,5.5,,,2,39.9,3,Lateral,10,277,0.116996937,0.093369903,279,0.100289807,0.09675497,275,0.110782772,0.089863341,271,0.094933122,0.082909711,268,0.095205419,0.078032145
./SturgeonNotochordBending_combined_Specimen 39.csv,notochord,2401-09,Position 2,6,,,2,39.9,3,Lateral,10,279,0.185027212,0.210744768,279,0.178973868,0.210744768,273,0.173182204,0.19526446,272,0.165073738,0.192628906,268,0.143408746,0.182122031
./SturgeonNotochordBending_combined_Specimen 40.csv,notochord,2401-09,Position 2,6,,,2,39.9,3,Dorso,5,273,0.215386719,0.303964097,266,0.186253965,0.287018265,271,0.163843736,0.299249416,264,0.153468966,0.282276797,265,0.145498544,0.284679048
./SturgeonNotochordBending_combined_Specimen 41.csv,notochord,2401-09,Position 3,5,,,2,39.9,3,Lateral,10,277,0.088047266,-0.050903996,278,0.094419055,-0.049198613,269,0.082010172,-0.063360562,275,0.085689589,-0.054438712,262,0.077077337,-0.073975313
./SturgeonNotochordBending_combined_Specimen 42.csv,notochord,2401-09,Position 3,5,,,2,39.9,3,Dorso,5,275,0.205842108,0.074969347,270,0.178736955,0.057939016,266,0.172839537,0.044676527,271,0.162248656,0.061353506,269,0.158163846,0.054563411
./SturgeonNotochordBending_combined_Specimen 43.csv,notochord,2401-09,Position 4,4,,,2,39.9,3,Lateral,10,285,-0.048517074,-0.399128138,274,-0.049444664,-0.402879043,264,-0.0530679,-0.406110205,264,-0.045496374,-0.406110205,265,-0.058308542,-0.405915326
./SturgeonNotochordBending_combined_Specimen 44.csv,notochord,2401-09,Position 4,4,,,2,39.9,3,Dorso,5,287,-0.016418952,-0.280074536,269,-0.012421069,-0.290416488,269,-0.01854744,-0.290416488,262,-0.024507679,-0.293401932,251,-0.010923106,-0.299069611
./SturgeonNotochordBending_combined_Specimen 45.csv,notochord,2401-10,Position 1,4.5,,,2,41.5,3,Lateral,10,279,0.03014967,-0.139652392,273,0.035063725,-0.145384778,268,0.036481205,-0.150253903,271,0.021274703,-0.147254761,266,0.012680126,-0.15202987
./SturgeonNotochordBending_combined_Specimen 46.csv,notochord,2401-10,Position 1,4.5,,,2,41.5,3,Dorso,5,268,0.074958406,-0.117286566,276,0.077250838,-0.104138044,278,0.069228239,-0.101185564,265,0.05925478,-0.122455139,267,0.048343424,-0.119092746
./SturgeonNotochordBending_combined_Specimen 47.csv,notochord,2401-10,Position 2,6,,,2,41.5,3,Lateral,10,277,0.164233953,0.258635239,260,0.148038939,0.224742391,270,0.145679489,0.244566373,272,0.142117158,0.248633655,266,0.145331219,0.236771446
./SturgeonNotochordBending_combined_Specimen 48.csv,notochord,2401-10,Position 2,6,,,2,41.5,3,Dorso,5,276,0.1536026,0.157880495,280,0.127357036,0.164265479,273,0.125744343,0.152040307,266,0.126764357,0.136841628,268,0.118587099,0.141239412
./SturgeonNotochordBending_combined_Specimen 49.csv,notochord,2401-10,Position 3,5,,,2,41.5,3,Lateral,10,273,0.170605287,0.161209166,269,0.161778599,0.151442208,267,0.142026082,0.146462814,270,0.138613164,0.153792996,258,0.131529212,0.124174995
./SturgeonNotochordBending_combined_Specimen 50.csv,notochord,2401-10,Position 3,5,,,2,41.5,3,Dorso,5,273,0.158847973,0.248740655,271,0.129079878,0.24477904,273,0.12502934,0.248740655,264,0.12144044,0.231464241,264,0.132133067,0.231464241
./SturgeonNotochordBending_combined_Specimen 51.csv,notochord,2401-10,Position 4,5,,,2,41.5,3,Lateral,10,245,0.087752856,0.067031276,273,0.080915064,0.101828091,273,0.081785336,0.101828091,265,0.079636618,0.092708576,265,0.06291768,0.092708576
./SturgeonNotochordBending_combined_Specimen 52.csv,notochord,2401-10,Position 4,5,,,2,41.5,,Dorso,5,275,0.100682214,-0.001042666,274,0.094665483,-0.002836405,274,0.090877376,-0.002836405,266,0.101962447,-0.016379446,262,0.077708498,-0.023337064
./SturgeonColumnBendingLateral_combined_Specimen 1.csv,column,2401-01,Position 1,,0.965,1.621,4,37.7,5,Lateral,10,448,1.496597171,2.69009224,447,1.317354918,2.679391109,446,1.235883594,2.668709905,446,1.17906642,2.668709905,442,1.158341169,2.625785052
./SturgeonColumnBendingLateral_combined_Specimen 2.csv,column,2401-01,Position 2,,0.965,1.621,4,37.7,5,Lateral,10,451,1.400728106,2.9798367,446,1.263198614,2.934813078,446,1.208641171,2.934813078,445,1.164014578,2.925801044,443,1.13611412,2.907836141
./SturgeonColumnBendingLateral_combined_Specimen 3.csv,column,2401-01,Position 3,,0.731,1.465,4,37.7,5,Lateral,10,454,1.331189513,2.592019204,453,1.168722868,2.583036442,451,1.091184974,2.565011334,447,1.038891196,2.528997838,443,1.004074454,2.493150549
./SturgeonColumnBendingLateral_combined_Specimen 4.csv,column,2401-01,Position 4,,0.798,1.074,4,37.7,5,Lateral,10,451,1.484772563,2.707586353,449,1.280953288,2.686594238,448,1.178718805,2.676144195,446,1.126356602,2.655193879,448,1.089981556,2.676144195
./SturgeonColumnBendingLateral_combined_Specimen 5.csv,column,2401-01,Position 5,,0.798,1.074,4,37.7,5,Lateral,10,448,0.814598918,1.077621219,450,0.734896302,1.090939536,446,0.70001179,1.064261596,443,0.676923573,1.044265493,446,0.650780261,1.064261596
./SturgeonColumnBendingLateral_combined_Specimen 6.csv,column,2401-01,Position 6,,0.656,0.783,4,37.7,5,Lateral,10,455,0.778844714,1.13485788,451,0.709179461,1.110585844,447,0.648459315,1.086194215,448,0.644395173,1.092268129,445,0.623695016,1.073981917
./SturgeonColumnBendingLateral_combined_Specimen 7.csv,column,2401-02,Position 1,,0.935,1.592,4,37.5,5,Lateral,10,455,1.088503838,2.445933966,457,0.966941893,2.458863515,449,0.894005001,2.406093646,444,0.841211081,2.373062197,447,0.823362947,2.392871265
./SturgeonColumnBendingLateral_combined_Specimen 8.csv,column,2401-03,Position 1,,0.962,2.055,4,38.6,5,Lateral,10,452,1.946690679,3.908597987,454,1.731337428,3.934301999,451,1.61119318,3.895692329,448,1.547471523,3.856830307,447,1.495975018,3.843866118
./SturgeonColumnBendingLateral_combined_Specimen 9.csv,column,2401-03,Position 2,,0.962,2.055,4,38.6,5,Lateral,10,456,1.325794339,2.785556331,451,1.127093673,2.743204176,450,1.048295617,2.734638438,446,0.987556756,2.700834151,447,0.938426316,2.709213406
./SturgeonColumnBendingLateral_combined_Specimen 10.csv,column,2401-03,Position 3,,0.944,1.873,4,38.6,5,Lateral,10,452,1.054187417,2.320673296,451,0.919181645,2.314120206,448,0.854868293,2.2946478,446,0.797438204,2.281547482,446,0.77779305,2.281547482
./SturgeonColumnBendingLateral_combined_Specimen 11.csv,column,2401-03,Position 4,,0.944,1.873,4,38.6,5,Lateral,10,452,1.183558345,2.258834603,450,1.058200955,2.242574973,445,0.994187593,2.201961027,440,0.946266055,2.161244944,444,0.910382271,2.193833958
./SturgeonColumnBendingLateral_combined_Specimen 12.csv,column,2401-03,Position 5,,0.789,1.2,4,38.6,5,Lateral,10,447,0.603259623,1.215940792,450,0.527418196,1.227766294,444,0.512599885,1.203972407,440,0.485789478,1.188622159,443,0.479144454,1.200105535
./SturgeonColumnBendingLateral_combined_Specimen 13.csv,column,2401-03,Position 6,,0.789,1.2,4,38.6,5,Lateral,10,455,0.557723165,1.000957427,456,0.497074753,1.004886242,445,0.466693193,0.961565243,447,0.446339816,0.969553029,444,0.430676371,0.957592799
./SturgeonColumnBendingLateral_combined_Specimen 15.csv,column,2401-04,Position 1,,1.063,1.989,4,39.7,5,Lateral,10,453,1.750826836,3.751958657,452,1.532939911,3.740867538,454,1.451698661,3.762980019,450,1.387806416,3.718604894,448,1.351553321,3.696417735
./SturgeonColumnBendingLateral_combined_Specimen 16.csv,column,2401-04,Position 2,,1.063,1.989,4,39.7,5,Lateral,10,454,1.503064036,3.477220003,457,1.26367414,3.503678889,452,1.148765326,3.459398749,450,1.09657228,3.441649524,445,1.032785416,3.397342066
./SturgeonColumnBendingLateral_combined_Specimen 17.csv,column,2401-04,Position 3,,0.91,1.944,4,39.7,5,Lateral,10,449,0.93731451,1.974890461,449,0.822054684,1.974890461,445,0.769985497,1.951195651,443,0.740857244,1.939519901,443,0.714084744,1.939519901
./SturgeonColumnBendingLateral_combined_Specimen 18.csv,column,2401-04,Position 4,,0.91,1.944,4,39.7,5,Lateral,10,451,0.707137227,1.237793268,453,0.662543774,1.247944365,444,0.625190735,1.202217486,446,0.599809706,1.212377595,442,0.585623384,1.192124989
./SturgeonColumnBendingLateral_combined_Specimen 19.csv,column,2401-04,Position 5,,0.894,1.653,4,39.7,5,Lateral,10,448,0.886152387,1.649576274,454,0.780537367,1.685182578,446,0.749293029,1.637175831,449,0.727893114,1.655771761,445,0.705681443,1.631014521
./SturgeonColumnBendingLateral_combined_Specimen 20.csv,column,2401-04,Position 6,,0.894,1.653,4,39.7,5,Lateral,10,449,0.62357372,1.22708943,451,0.56817472,1.235463456,455,0.530502319,1.251765378,451,0.511144221,1.235463456,442,0.489953458,1.197604098
./SturgeonColumnBendingLateral_combined_Specimen 21.csv,column,2401-04,Position 7,,0.813,1.236,4,39.7,5,Lateral,10,447,0.467281878,0.920121795,455,0.432569236,0.944066538,451,0.403988868,0.932177522,447,0.386130899,0.920121795,446,0.375670105,0.916942175
./SturgeonColumnBendingLateral_combined_Specimen 22.csv,column,2401-04,Position 8,,0.813,1.236,4,39.7,5,Lateral,10,451,0.534132838,1.02872043,447,0.492695302,1.014039217,450,0.474686086,1.025067644,446,0.45541811,1.010358614,447,0.453950912,1.014039217
./SturgeonColumnBendingLateral_combined_Specimen 23.csv,column,2401-05,Position 1,,1.005,2.194,4,43.2,5,Lateral,10,453,1.540260315,3.844746942,453,1.364116788,3.844746942,451,1.273573637,3.827641376,447,1.226055503,3.79307145,442,1.179177403,3.749921079
./SturgeonColumnBendingLateral_combined_Specimen 24.csv,column,2401-05,Position 2,,1.005,2.194,4,43.2,5,Lateral,10,451,1.17443049,2.67720743,451,1.013286948,2.67720743,452,0.941430271,2.684264563,448,0.903590143,2.655896611,442,0.889389694,2.613150453
./SturgeonColumnBendingLateral_combined_Specimen 25.csv,column,2401-05,Position 3,,1.156,2.104,4,43.2,5,Lateral,10,444,0.930807352,1.9650906,453,0.854578376,2.018169349,447,0.799544871,1.98309926,450,0.761621237,2.000839069,449,0.762672544,1.994973984
./SturgeonColumnBendingLateral_combined_Specimen 26.csv,column,2401-05,Position 4,,1.156,2.104,4,43.2,5,Lateral,10,451,0.80933553,1.64056679,451,0.733150721,1.64056679,452,0.688561916,1.645890176,451,0.680849552,1.64056679,445,0.647589087,1.60829674
./SturgeonColumnBendingLateral_combined_Specimen 27.csv,column,2401-05,Position 5,,0.925,1.515,4,43.2,5,Lateral,10,449,0.560638726,1.063085676,455,0.500991702,1.085745516,450,0.485755265,1.066950102,447,0.451606542,1.055378456,442,0.464216679,1.036418475
./SturgeonColumnBendingLateral_combined_Specimen 28.csv,column,2401-05,Position 6,,0.925,1.515,4,43.2,5,Lateral,10,446,0.377036363,0.571903665,450,0.358577639,0.583105335,450,0.331951022,0.583105335,445,0.31888923,0.568957253,444,0.306808472,0.566039168
./SturgeonColumnBendingLateral_combined_Specimen 29.csv,column,2401-05,Position 7,,0.935,1.359,4,43.2,5,Lateral,10,451,0.742260754,1.409335747,452,0.662835598,1.414415593,451,0.626169026,1.409335747,451,0.605270505,1.409335747,443,0.586296976,1.369131358
./SturgeonColumnBendingLateral_combined_Specimen 30.csv,column,2401-06,Position 1,,0.879,1.772,4,36.9,5,Lateral,10,452,1.236608982,2.551616622,452,1.07943213,2.551616622,453,0.985859871,2.559644257,452,0.954746068,2.551616622,442,0.921115935,2.471315223
./SturgeonColumnBendingLateral_combined_Specimen 31.csv,column,2401-06,Position 2,,0.879,1.772,4,36.9,5,Lateral,10,449,1.045865297,2.052468635,450,0.916258693,2.059542535,447,0.865071476,2.038296835,443,0.821832359,2.009855538,440,0.778550923,1.988609651
./SturgeonColumnBendingLateral_combined_Specimen 32.csv,column,2401-06,Position 3,,0.955,1.91,4,36.9,5,Lateral,10,454,0.713497341,1.316668339,448,0.654882729,1.286730935,447,0.605918705,1.281699627,448,0.598181725,1.286730935,445,0.550155759,1.271845459
./SturgeonColumnBendingLateral_combined_Specimen 33.csv,column,2401-06,Position 4,,0.955,1.91,4,36.9,5,Lateral,10,453,0.741733909,1.389477904,450,0.68058449,1.37402734,448,0.626776695,1.363609142,446,0.593784451,1.353296894,447,0.586207271,1.358416639
./SturgeonColumnBendingLateral_combined_Specimen 34.csv,column,2401-06,Position 5,,0.823,1.47,4,36.9,5,Lateral,10,453,0.513305008,0.869706395,447,0.479718447,0.847548019,446,0.442644209,0.84389515,447,0.423749208,0.847548019,441,0.411238283,0.825476598
./SturgeonColumnBendingLateral_combined_Specimen 35.csv,column,2401-06,Position 6,,0.823,1.47,4,36.9,5,Lateral,10,448,0.354730338,0.553130454,447,0.330636024,0.550403374,449,0.316937774,0.555845686,443,0.293245673,0.539807162,436,0.297632277,0.521287882
./SturgeonColumnBendingLateral_combined_Specimen 36.csv,column,2401-06,Position 7,,0.632,0.915,4,36.9,5,Lateral,10,449,0.272277713,0.546159088,452,0.247378394,0.551296214,447,0.249222204,0.542557161,444,0.252762824,0.53744891,441,0.250864625,0.532238928
./SturgeonColumnBendingLateral_combined_Specimen 37.csv,column,2401-07,Position 1,,0.802,1.613,4,40.4,5,Lateral,10,448,0.727451205,1.807686103,450,0.65363735,1.815756007,448,0.633188963,1.807686103,445,0.591567457,1.795487026,445,0.578200161,1.795487026
./SturgeonColumnBendingLateral_combined_Specimen 38.csv,column,2401-07,Position 2,,0.802,1.613,4,40.4,5,Lateral,10,451,0.689338326,1.212598483,452,0.601996779,1.217529775,450,0.567109287,1.207624707,447,0.542484283,1.193126237,443,0.532454431,1.173770363
./SturgeonColumnBendingLateral_combined_Specimen 39.csv,column,2401-07,Position 3,,0.767,1.436,4,40.4,5,Lateral,10,450,0.886755109,1.747511724,455,0.788797557,1.776751051,455,0.755354404,1.776751051,453,0.726981401,1.765140964,445,0.704393983,1.718092302
./SturgeonColumnBendingLateral_combined_Specimen 40.csv,column,2401-07,Position 4,,0.767,1.436,4,40.4,5,Lateral,10,454,0.806680202,1.754292511,454,0.717837691,1.754292511,453,0.66533941,1.749297414,448,0.647156,1.724169608,447,0.621718228,1.719214357
./SturgeonColumnBendingLateral_combined_Specimen 41.csv,column,2401-07,Position 5,,0.758,1.377,4,40.4,5,Lateral,10,459,0.530050457,0.988245768,455,0.47657755,0.973968545,450,0.458055228,0.956430174,443,0.43635872,0.932374896,447,0.419689834,0.946062008
./SturgeonColumnBendingLateral_combined_Specimen 42.csv,column,2401-07,Position 6,,0.758,1.377,4,40.4,5,Lateral,10,452,0.308022529,0.609868559,447,0.282031447,0.60010677,447,0.270485431,0.60010677,447,0.263107479,0.60010677,445,0.244326875,0.596125163
./SturgeonColumnBendingLateral_combined_Specimen 43.csv,column,2401-07,Position 7,,0.668,1.08,4,40.4,5,Lateral,10,455,0.707700789,1.306086381,451,0.626755595,1.286362984,451,0.586123586,1.286362984,448,0.578854561,1.271367672,445,0.545321703,1.256334444
./SturgeonColumnBendingLateral_combined_Specimen 44.csv,column,2401-08,Position 1,,0.789,2.228,4,40.2,5,Lateral,10,452,1.740686536,3.472107244,454,1.517689943,3.494707303,452,1.409810662,3.472107244,448,1.370703101,3.425727004,445,1.296759367,3.391080427
./SturgeonColumnBendingLateral_combined_Specimen 45.csv,column,2401-08,Position 2,,0.789,2.228,4,40.2,5,Lateral,10,450,1.336300373,2.166294876,454,1.190389633,2.205184422,449,1.111687422,2.156253648,448,1.065109968,2.146218462,445,1.041248679,2.115864737
./SturgeonColumnBendingLateral_combined_Specimen 46.csv,column,2401-08,Position 3,,0.934,1.907,4,40.2,5,Lateral,10,449,1.265943289,2.456587963,448,1.119401455,2.447935572,446,1.061094642,2.430655455,443,0.986109257,2.404826962,445,0.964627743,2.422040368
./SturgeonColumnBendingLateral_combined_Specimen 47.csv,column,2401-08,Position 4,,0.934,1.907,4,40.2,5,Lateral,10,454,0.704114854,1.219897001,456,0.63803947,1.229972984,453,0.611720324,1.21483279,446,0.573656678,1.179790028,446,0.549798429,1.179790028
./SturgeonColumnBendingLateral_combined_Specimen 48.csv,column,2401-08,Position 5,,0.833,1.452,4,40.2,5,Lateral,10,438,0.420944303,0.700334557,435,0.377350777,0.69099011,444,0.378060549,0.718721673,444,0.381036311,0.718721673,442,0.359440893,0.712742171
./SturgeonColumnBendingLateral_combined_Specimen 49.csv,column,2401-08,Position 6,,0.833,1.452,4,40.2,5,Lateral,10,450,0.443982929,0.89394155,453,0.394371033,0.902499633,446,0.378504902,0.882523632,440,0.373689055,0.865308203,440,0.360546649,0.865308203
./SturgeonColumnBendingLateral_combined_Specimen 50.csv,column,2401-08,Position 7,,0.611,0.916,4,40.2,5,Lateral,10,450,0.545984387,1.180600936,454,0.499352872,1.193973136,451,0.474358946,1.184006467,448,0.451061577,1.173720357,446,0.449991435,1.167092693
./SturgeonColumnBendingLateral_combined_Specimen 51.csv,column,2401-08,Position 8,,0.611,0.916,4,40.2,5,Lateral,10,449,0.312518299,0.588153424,448,0.29860428,0.585998201,451,0.292048573,0.592421625,444,0.282245308,0.577619622,441,0.285560191,0.571284256
./SturgeonColumnBendingLateral_combined_Specimen 52.csv,column,2401-09,Position 1,,0.907,2.099,4,39.9,5,Lateral,10,448,1.093993187,2.32011523,450,0.993228197,2.334033599,444,0.917915881,2.292123702,444,0.885835409,2.292123702,444,0.863444805,2.292123702
./SturgeonColumnBendingLateral_combined_Specimen 53.csv,column,2401-09,Position 2,,0.907,2.099,4,39.9,5,Lateral,10,459,0.794563711,1.591148615,455,0.718313456,1.57041662,450,0.666975737,1.54475945,449,0.647907853,1.539589267,444,0.639896989,1.514748478
./SturgeonColumnBendingLateral_combined_Specimen 54.csv,column,2401-09,Position 3,,0.803,1.821,4,39.9,5,Lateral,10,455,0.715920031,1.586860248,457,0.640017986,1.595495107,451,0.610119879,1.569522522,449,0.58346796,1.560905087,445,0.576829314,1.543863115
./SturgeonColumnBendingLateral_combined_Specimen 55.csv,column,2401-09,Position 4,,0.803,1.821,4,39.9,5,Lateral,10,455,0.968634307,1.793366795,452,0.867570817,1.773205948,451,0.827514946,1.766445023,451,0.798871458,1.766445023,447,0.784593403,1.73916839
./SturgeonColumnBendingLateral_combined_Specimen 56.csv,column,2401-09,Position 5,,0.789,1.182,4,39.9,5,Lateral,10,455,0.463039577,0.850413612,455,0.425566345,0.850413612,453,0.410064667,0.843976985,449,0.396607548,0.831096224,447,0.394365847,0.824808459
./SturgeonColumnBendingLateral_combined_Specimen 57.csv,column,2401-09,Position 6,,0.789,1.182,4,39.9,5,Lateral,10,455,0.407484621,0.76488849,448,0.389406353,0.74553444,450,0.355961353,0.75105098,443,0.35302189,0.731762454,439,0.348506063,0.72066362
./SturgeonColumnBendingLateral_combined_Specimen 58.csv,column,2401-09,Position 7,,0.697,1.091,4,39.9,5,Lateral,10,457,0.720410407,1.399189687,452,0.670498192,1.375190535,453,0.632778525,1.380044937,450,0.602953076,1.36541247,445,0.582190692,1.341160625
./SturgeonColumnBendingLateral_combined_Specimen 59.csv,column,2401-10,Position 1,,0.911,2.275,4,41.5,5,Lateral,10,451,1.600564599,3.528605598,450,1.391577005,3.518667309,449,1.2870363,3.508710051,445,1.215866566,3.468735436,443,1.166522622,3.448890847
./SturgeonColumnBendingLateral_combined_Specimen 60.csv,column,2401-10,Position 2,,0.911,2.275,4,41.5,5,Lateral,10,453,1.369582176,2.692574596,453,1.206726789,2.692574596,449,1.127798557,2.655725722,446,1.091908336,2.628294499,444,1.066833138,2.609955772
./SturgeonColumnBendingLateral_combined_Specimen 61.csv,column,2401-10,Position 3,,0.84,2.017,4,41.5,5,Lateral,10,448,0.978905857,2.170653115,444,0.896402597,2.146846661,444,0.837443411,2.146846661,447,0.808546305,2.16459111,442,0.775124788,2.135057156
./SturgeonColumnBendingLateral_combined_Specimen 62.csv,column,2401-10,Position 4,,0.84,2.017,4,41.5,5,Lateral,10,450,0.858005345,1.948514205,451,0.774046242,1.95369748,450,0.729766965,1.948514205,449,0.703391731,1.943322909,446,0.658800483,1.928166319
./SturgeonColumnBendingLateral_combined_Specimen 63.csv,column,2401-10,Position 5,,0.855,1.763,4,41.5,5,Lateral,10,449,0.66072762,1.356165051,451,0.588766038,1.364786972,449,0.568738401,1.356165051,441,0.554573953,1.321493314,440,0.53376174,1.317209207
./SturgeonColumnBendingLateral_combined_Specimen 64.csv,column,2401-10,Position 6,,0.855,1.763,4,41.5,5,Lateral,10,456,0.607814789,1.314785681,453,0.559081316,1.303586186,451,0.526225388,1.296063208,444,0.510527849,1.269456053,443,0.491368681,1.265811331
./SturgeonColumnBendingLateral_combined_Specimen 65.csv,column,2401-10,Position 7,,0.814,1.286,4,41.5,5,Lateral,10,453,0.682693899,1.272661674,455,0.620291173,1.282070447,451,0.58008182,1.263222154,450,0.569741666,1.258543611,443,0.568482161,1.225136797
